Date,Payup (ticks),Date,%OAS
10/26/2012,0.3125,10/26/2012,0.150607
10/29/2012,0.3125,10/29/2012,0.146521
10/30/2012,0.3125,10/30/2012,0.158644
10/31/2012,0.3125,10/31/2012,0.141356
11/1/2012,0.3125,11/1/2012,0.152172
11/2/2012,0.375,11/2/2012,0.17862
11/5/2012,0.375,11/5/2012,0.169106
11/6/2012,0.375,11/6/2012,0.186233
11/7/2012,0.5,11/7/2012,0.197937
11/8/2012,0.5,11/8/2012,0.189798
11/9/2012,0.5,11/9/2012,0.192702
11/13/2012,0.5,11/13/2012,0.195267
11/14/2012,0.5,11/14/2012,0.202588
11/15/2012,0.5,11/15/2012,0.195675
11/16/2012,0.5,11/16/2012,0.188334
11/19/2012,0.5,11/19/2012,0.195867
11/20/2012,0.5,11/20/2012,0.203455
11/21/2012,0.5,11/21/2012,0.212249
11/23/2012,0.625,11/23/2012,0.267003
11/26/2012,0.75,11/26/2012,0.304329
11/27/2012,0.75,11/27/2012,0.291527
11/28/2012,0.75,11/28/2012,0.288401
11/29/2012,0.75,11/29/2012,0.291953
11/30/2012,0.75,11/30/2012,0.287372
12/3/2012,0.75,12/3/2012,0.287554
12/4/2012,0.75,12/4/2012,0.281369
12/5/2012,0.75,12/5/2012,0.282916
12/6/2012,0.75,12/6/2012,0.289435
12/7/2012,0.9375,12/7/2012,0.381899
12/10/2012,0.9375,12/10/2012,0.374295
12/11/2012,0.9375,12/11/2012,0.379311
12/12/2012,0.875,12/12/2012,0.371704
12/13/2012,0.875,12/13/2012,0.376192
12/14/2012,0.875,12/14/2012,0.38888
12/17/2012,0.875,12/17/2012,0.406497
12/18/2012,0.75,12/18/2012,0.365363
12/19/2012,0.75,12/19/2012,0.357506
12/20/2012,0.75,12/20/2012,0.361924
12/21/2012,0.75,12/21/2012,0.343636
12/24/2012,0.8125,12/24/2012,0.378372
12/26/2012,0.8125,12/26/2012,0.371703
12/27/2012,0.8125,12/27/2012,0.361321
12/28/2012,0.8125,12/28/2012,0.36199
12/31/2012,0.8125,12/31/2012,0.370195
1/2/2013,0.8125,1/2/2013,0.397123
1/3/2013,0.6875,1/3/2013,0.369467
1/4/2013,0.625,1/4/2013,0.341124
1/7/2013,0.625,1/7/2013,0.331078
1/8/2013,0.625,1/8/2013,0.320437
1/9/2013,0.625,1/9/2013,0.314576
1/10/2013,0.5625,1/10/2013,0.317887
1/11/2013,0.5625,1/11/2013,0.311348
1/14/2013,0.5625,1/14/2013,0.308664
1/15/2013,0.5625,1/15/2013,0.308994
1/16/2013,0.5625,1/16/2013,0.30766
1/17/2013,0.5,1/17/2013,0.289169
1/18/2013,0.5,1/18/2013,0.285727
1/22/2013,0.5,1/22/2013,0.285033
1/23/2013,0.5,1/23/2013,0.278969
1/24/2013,0.5,1/24/2013,0.282952
1/25/2013,0.5,1/25/2013,0.319827
1/28/2013,0.3125,1/28/2013,0.199544
1/29/2013,0.3125,1/29/2013,0.200317
1/30/2013,0.3125,1/30/2013,0.203039
1/31/2013,0.3125,1/31/2013,0.201527
2/1/2013,0.3125,2/1/2013,0.19589
2/4/2013,0.3125,2/4/2013,0.189792
2/5/2013,0.3125,2/5/2013,0.191085
2/6/2013,0.1875,2/6/2013,0.110673
2/7/2013,0.1875,2/7/2013,0.110482
2/8/2013,0.1875,2/8/2013,0.115605
2/11/2013,0.1875,2/11/2013,0.114215
2/12/2013,0.1875,2/12/2013,0.117905
2/13/2013,0.1875,2/13/2013,0.120959
2/14/2013,0.1875,2/14/2013,0.117478
2/15/2013,0.1875,2/15/2013,0.118775
2/19/2013,0.1875,2/19/2013,0.120701
2/20/2013,0.1875,2/20/2013,0.120988
2/21/2013,0.1875,2/21/2013,0.117633
2/22/2013,0.1875,2/22/2013,0.117065
2/25/2013,0.25,2/25/2013,0.146648
2/26/2013,0.25,2/26/2013,0.143519
2/27/2013,0.25,2/27/2013,0.147933
2/28/2013,0.25,2/28/2013,0.142848
3/1/2013,0.25,3/1/2013,0.137838
3/4/2013,0.25,3/4/2013,0.140137
3/5/2013,0.25,3/5/2013,0.141078
3/6/2013,0.25,3/6/2013,0.14705
3/7/2013,0.25,3/7/2013,0.15649
3/8/2013,0.25,3/8/2013,0.16653
3/11/2013,0.25,3/11/2013,0.165951
3/12/2013,0.25,3/12/2013,0.163691
3/13/2013,0.25,3/13/2013,0.161366
3/14/2013,0.125,3/14/2013,0.080567
3/15/2013,0.125,3/15/2013,0.078112
3/18/2013,0.125,3/18/2013,0.074211
3/19/2013,0.125,3/19/2013,0.072692
3/20/2013,0.125,3/20/2013,0.075004
3/21/2013,0.125,3/21/2013,0.075517
3/22/2013,0.125,3/22/2013,0.074875
3/25/2013,0.125,3/25/2013,0.075182
3/26/2013,0.125,3/26/2013,0.076471
3/27/2013,0.125,3/27/2013,0.073996
3/28/2013,0.125,3/28/2013,0.074523
4/1/2013,0.125,4/1/2013,0.074007
4/2/2013,0.125,4/2/2013,0.074968
4/3/2013,0.25,4/3/2013,0.146541
4/4/2013,0.25,4/4/2013,0.136422
4/5/2013,0.3125,4/5/2013,0.175635
4/8/2013,0.3125,4/8/2013,0.184694
4/9/2013,0.25,4/9/2013,0.149442
4/10/2013,0.25,4/10/2013,0.154829
4/11/2013,0.25,4/11/2013,0.153364
4/12/2013,0.3125,4/12/2013,0.182152
4/15/2013,0.3125,4/15/2013,0.177234
4/16/2013,0.3125,4/16/2013,0.181237
4/17/2013,0.3125,4/17/2013,0.178948
4/18/2013,0.3125,4/18/2013,0.175731
4/19/2013,0.3125,4/19/2013,0.178232
4/22/2013,0.3125,4/22/2013,0.177979
4/23/2013,0.3125,4/23/2013,0.179046
4/24/2013,0.3125,4/24/2013,0.178214
4/25/2013,0.3125,4/25/2013,0.179196
4/26/2013,0.3125,4/26/2013,0.17225
4/29/2013,0.3125,4/29/2013,0.171546
4/30/2013,0.3125,4/30/2013,0.1705
5/1/2013,0.3125,5/1/2013,0.161949
5/2/2013,0.3125,5/2/2013,0.164389
5/3/2013,0.375,5/3/2013,0.218099
5/6/2013,0.375,5/6/2013,0.224728
5/7/2013,0.3125,5/7/2013,0.188993
5/8/2013,0.3125,5/8/2013,0.186348
5/9/2013,0.3125,5/9/2013,0.18689
5/10/2013,0.3125,5/10/2013,0.202048
5/13/2013,0.25,5/13/2013,0.164306
5/14/2013,0.25,5/14/2013,0.169641
5/15/2013,0.25,5/15/2013,0.168457
5/16/2013,0.25,5/16/2013,0.157275
5/17/2013,0.25,5/17/2013,0.169355
5/20/2013,0.25,5/20/2013,0.171633
5/21/2013,0.25,5/21/2013,0.167641
5/22/2013,0.125,5/22/2013,0.088309
5/23/2013,0.125,5/23/2013,0.088995
5/24/2013,0.125,5/24/2013,0.089455
5/25/2013,0.125,5/25/2013,0.090065667
5/27/2013,0.125,5/27/2013,0.090676333
5/28/2013,0.125,5/28/2013,0.092708
5/29/2013,0.125,5/29/2013,0.090649
5/30/2013,0.125,5/30/2013,0.08947
5/31/2013,0.125,5/31/2013,0.090007
6/3/2013,0.125,6/3/2013,0.088507
6/4/2013,0.125,6/4/2013,0.088472
6/5/2013,0.125,6/5/2013,0.087468
6/6/2013,0.125,6/6/2013,0.087117
6/7/2013,0.125,6/7/2013,0.088692
6/10/2013,0.125,6/10/2013,0.089696
6/11/2013,0.125,6/11/2013,0.086412
6/12/2013,0.125,6/12/2013,0.08745
6/13/2013,0.125,6/13/2013,0.086328
6/14/2013,0.125,6/14/2013,0.083763
6/17/2013,0.125,6/17/2013,0.086584
6/18/2013,0.125,6/18/2013,0.086743
6/19/2013,0.03125,6/19/2013,0.022284
6/20/2013,0.03125,6/20/2013,0.022754
6/21/2013,0.03125,6/21/2013,0.02323
6/24/2013,0.03125,6/24/2013,0.023437
6/25/2013,0.03125,6/25/2013,0.023485
6/26/2013,0.03125,6/26/2013,0.023303
6/27/2013,0.03125,6/27/2013,0.022361
6/28/2013,0.03125,6/28/2013,0.022753
7/1/2013,0.03125,7/1/2013,0.023031
7/2/2013,0.03125,7/2/2013,0.023012
7/3/2013,0.03125,7/3/2013,0.023281
7/5/2013,0.03125,7/5/2013,0.021473
7/8/2013,0.03125,7/8/2013,0.021457
7/9/2013,0.03125,7/9/2013,0.021603
7/10/2013,0.03125,7/10/2013,0.021404
7/11/2013,0.03125,7/11/2013,0.021355
7/12/2013,0.03125,7/12/2013,0.021344
7/15/2013,0.03125,7/15/2013,0.021472
7/16/2013,0.03125,7/16/2013,0.021561
7/17/2013,0.03125,7/17/2013,0.021708
7/18/2013,0.03125,7/18/2013,0.021564
7/19/2013,0.03125,7/19/2013,0.021788
7/22/2013,0.03125,7/22/2013,0.021793
7/23/2013,0.03125,7/23/2013,0.02162
7/24/2013,0.03125,7/24/2013,0.021302
7/25/2013,0.03125,7/25/2013,0.021258
7/26/2013,0.03125,7/26/2013,0.021338
7/29/2013,0.03125,7/29/2013,0.021191
7/30/2013,0.03125,7/30/2013,0.021106
7/31/2013,0.03125,7/31/2013,0.021258
8/1/2013,0.03125,8/1/2013,0.020838
8/2/2013,0.03125,8/2/2013,0.021298
8/5/2013,0.03125,8/5/2013,0.021314
8/6/2013,0.03125,8/6/2013,0.021296
8/7/2013,0.03125,8/7/2013,0.021505
8/8/2013,0.03125,8/8/2013,0.021553
8/9/2013,0.03125,8/9/2013,0.021551
8/12/2013,0.03125,8/12/2013,0.021463
8/13/2013,0.03125,8/13/2013,0.021267
8/14/2013,0.03125,8/14/2013,0.021266
8/15/2013,0.03125,8/15/2013,0.021089
8/16/2013,0.03125,8/16/2013,0.020896
8/19/2013,0.03125,8/19/2013,0.02067
8/20/2013,0.03125,8/20/2013,0.020821
8/21/2013,0.03125,8/21/2013,0.020606
8/22/2013,0.03125,8/22/2013,0.02056
8/23/2013,0.03125,8/23/2013,0.020685
8/26/2013,0.03125,8/26/2013,0.020702
8/27/2013,0.03125,8/27/2013,0.020795
8/28/2013,0.03125,8/28/2013,0.020538
8/29/2013,0.03125,8/29/2013,0.02068
8/30/2013,0.03125,8/30/2013,0.020619
9/2/2013,0.03125,9/2/2013,0.0205615
9/3/2013,0.03125,9/3/2013,0.020338
9/4/2013,0.03125,9/4/2013,0.02022
9/5/2013,0.03125,9/5/2013,0.019931
9/6/2013,0.03125,9/6/2013,0.019905
9/9/2013,0.03125,9/9/2013,0.020042
9/10/2013,0.03125,9/10/2013,0.020162
9/11/2013,0.03125,9/11/2013,0.020275
9/12/2013,0.03125,9/12/2013,0.020396
9/13/2013,0.03125,9/13/2013,0.0204
9/16/2013,0.03125,9/16/2013,0.020471
9/17/2013,0.03125,9/17/2013,0.02071
9/18/2013,0.03125,9/18/2013,0.021089
9/19/2013,0.03125,9/19/2013,0.021116
9/20/2013,0.03125,9/20/2013,0.021191
9/23/2013,0.03125,9/23/2013,0.021328
9/24/2013,0.03125,9/24/2013,0.021584
9/25/2013,0.03125,9/25/2013,0.021628
9/26/2013,0.03125,9/26/2013,0.021458
9/27/2013,0.03125,9/27/2013,0.021391
9/30/2013,0.03125,9/30/2013,0.021356
10/1/2013,0.03125,10/1/2013,0.021346
10/2/2013,0.03125,10/2/2013,0.021374
10/3/2013,0.03125,10/3/2013,0.021237
10/4/2013,0.03125,10/4/2013,0.021166
10/7/2013,0.03125,10/7/2013,0.02118
10/8/2013,0.03125,10/8/2013,0.021224
10/9/2013,0.03125,10/9/2013,0.021422
10/10/2013,0.03125,10/10/2013,0.021503
10/11/2013,0.03125,10/11/2013,0.021354
10/15/2013,0.03125,10/15/2013,0.021201
10/16/2013,0.03125,10/16/2013,0.021302
10/17/2013,0.03125,10/17/2013,0.021495
10/18/2013,0.03125,10/18/2013,0.021557
10/21/2013,0.03125,10/21/2013,0.021532
10/22/2013,0.03125,10/22/2013,0.02173
10/23/2013,0.03125,10/23/2013,0.022
10/24/2013,0.03125,10/24/2013,0.02188
10/25/2013,0.03125,10/25/2013,0.021955
10/28/2013,0.03125,10/28/2013,0.022031
10/29/2013,0.03125,10/29/2013,0.022005
10/30/2013,0.03125,10/30/2013,0.022058
10/31/2013,0.03125,10/31/2013,0.02194
11/1/2013,0.03125,11/1/2013,0.02165
11/4/2013,0.03125,11/4/2013,0.021563
11/5/2013,0.03125,11/5/2013,0.021237
11/6/2013,0.03125,11/6/2013,0.021183
11/7/2013,0.03125,11/7/2013,0.021281
11/8/2013,0.03125,11/8/2013,0.021211
11/12/2013,0.03125,11/12/2013,0.021255
11/13/2013,0.03125,11/13/2013,0.021285
11/14/2013,0.03125,11/14/2013,0.021457
11/15/2013,0.03125,11/15/2013,0.021608
11/18/2013,0.03125,11/18/2013,0.021801
11/19/2013,0.03125,11/19/2013,0.021689
11/20/2013,0.03125,11/20/2013,0.021295
11/21/2013,0.03125,11/21/2013,0.021375
11/22/2013,0.03125,11/22/2013,0.021493
11/25/2013,0.03125,11/25/2013,0.021484
11/26/2013,0.03125,11/26/2013,0.02148
11/27/2013,0.03125,11/27/2013,0.021359
11/29/2013,0.03125,11/29/2013,0.021356
12/2/2013,0.03125,12/2/2013,0.020699
12/3/2013,0.03125,12/3/2013,0.020693
12/4/2013,0.03125,12/4/2013,0.020475
12/5/2013,0.03125,12/5/2013,0.020453
12/6/2013,0.03125,12/6/2013,0.020704
12/9/2013,0.03125,12/9/2013,0.021133
12/10/2013,0.03125,12/10/2013,0.021286
12/11/2013,0.03125,12/11/2013,0.021135
12/12/2013,0.03125,12/12/2013,0.021133
12/13/2013,0.03125,12/13/2013,0.021233
12/16/2013,0.03125,12/16/2013,0.021213
12/17/2013,0.03125,12/17/2013,0.021308
12/18/2013,0.03125,12/18/2013,0.021151
12/19/2013,0.03125,12/19/2013,0.021212
12/20/2013,0.03125,12/20/2013,0.021519
12/23/2013,0.03125,12/23/2013,0.021697
12/24/2013,0.03125,12/24/2013,0.02141
12/26/2013,0.03125,12/26/2013,0.021315
12/27/2013,0.03125,12/27/2013,0.02128
12/30/2013,0.03125,12/30/2013,0.021448
12/31/2013,0.03125,12/31/2013,0.021365
1/2/2014,0.03125,1/2/2014,0.021761
1/3/2014,0.03125,1/3/2014,0.021846
1/6/2014,0.03125,1/6/2014,0.021998
1/7/2014,0.03125,1/7/2014,0.022253
1/8/2014,0.03125,1/8/2014,0.022013
1/9/2014,0.03125,1/9/2014,0.022588
1/10/2014,0.03125,1/10/2014,0.023183
1/13/2014,0.03125,1/13/2014,0.023427
1/14/2014,0.03125,1/14/2014,0.023208
1/15/2014,0.03125,1/15/2014,0.023166
1/16/2014,0.03125,1/16/2014,0.023366
1/17/2014,0.03125,1/17/2014,0.023488
1/20/2014,0.03125,1/20/2014,0.023538667
1/21/2014,0.03125,1/21/2014,0.023555
1/22/2014,0.03125,1/22/2014,0.023394
1/23/2014,0.03125,1/23/2014,0.023499
1/24/2014,0.03125,1/24/2014,0.023662
1/27/2014,0.03125,1/27/2014,0.023474
1/28/2014,0.03125,1/28/2014,0.023251
1/29/2014,0.03125,1/29/2014,0.023337
1/30/2014,0.03125,1/30/2014,0.023223
1/31/2014,0.03125,1/31/2014,0.023159
2/3/2014,0.03125,2/3/2014,0.023155
2/4/2014,0.03125,2/4/2014,0.022897
2/5/2014,0.03125,2/5/2014,0.022708
2/6/2014,0.03125,2/6/2014,0.022724
2/7/2014,0.03125,2/7/2014,0.022914
2/10/2014,0.03125,2/10/2014,0.022916
2/11/2014,0.03125,2/11/2014,0.023172
2/12/2014,0.03125,2/12/2014,0.023019
2/13/2014,0.03125,2/13/2014,0.023117
2/14/2014,0.03125,2/14/2014,0.023159
2/17/2014,0.03125,2/17/2014,0.023238333
2/18/2014,0.03125,2/18/2014,0.023192
2/19/2014,0.03125,2/19/2014,0.023163
2/20/2014,0.03125,2/20/2014,0.023099
2/21/2014,0.03125,2/21/2014,0.023264
2/24/2014,0.03125,2/24/2014,0.023336
2/25/2014,0.03125,2/25/2014,0.023611
2/26/2014,0.03125,2/26/2014,0.023628
2/27/2014,0.03125,2/27/2014,0.023715
2/28/2014,0.03125,2/28/2014,0.02374
3/3/2014,0.03125,3/3/2014,0.020854
3/4/2014,0.03125,3/4/2014,0.020412
3/5/2014,0.03125,3/5/2014,0.020433
3/6/2014,0.03125,3/6/2014,0.020375
3/7/2014,0.03125,3/7/2014,0.020294
3/10/2014,0.03125,3/10/2014,0.020205
3/11/2014,0.03125,3/11/2014,0.019605
3/12/2014,0.03125,3/12/2014,0.020709
3/13/2014,0.03125,3/13/2014,0.021057
3/14/2014,0.03125,3/14/2014,0.02092
3/17/2014,0.03125,3/17/2014,0.020683
3/18/2014,0.03125,3/18/2014,0.020751
3/19/2014,0.03125,3/19/2014,0.02054
3/20/2014,0.03125,3/20/2014,0.020628
3/21/2014,0.03125,3/21/2014,0.020928
3/24/2014,0.03125,3/24/2014,0.021124
3/25/2014,0.03125,3/25/2014,0.021128
3/26/2014,0.03125,3/26/2014,0.02125
3/27/2014,0.03125,3/27/2014,0.021488
3/28/2014,0.03125,3/28/2014,0.021418
3/31/2014,0.03125,3/31/2014,0.021336
4/1/2014,0.03125,4/1/2014,0.021177
4/2/2014,0.3125,4/2/2014,0.21091
4/3/2014,0.3125,4/3/2014,0.212654
4/4/2014,0.3125,4/4/2014,0.214934
4/7/2014,0.3125,4/7/2014,0.21794
4/8/2014,0.3125,4/8/2014,0.212196
4/9/2014,0.3125,4/9/2014,0.22106
4/10/2014,0.3125,4/10/2014,0.220627
4/11/2014,0.3125,4/11/2014,0.220424
4/14/2014,0.3125,4/14/2014,0.22009
4/15/2014,0.3125,4/15/2014,0.219821
4/16/2014,0.3125,4/16/2014,0.219754
4/17/2014,0.34375,4/17/2014,0.2395
4/21/2014,0.34375,4/21/2014,0.239128
4/22/2014,0.34375,4/22/2014,0.23958
4/23/2014,0.34375,4/23/2014,0.240527
4/24/2014,0.34375,4/24/2014,0.24167
4/25/2014,0.34375,4/25/2014,0.242685
4/28/2014,0.34375,4/28/2014,0.241818
4/29/2014,0.34375,4/29/2014,0.240468
4/30/2014,0.34375,4/30/2014,0.241698
5/1/2014,0.34375,5/1/2014,0.242937
5/2/2014,0.34375,5/2/2014,0.243691
5/5/2014,0.34375,5/5/2014,0.243826
5/6/2014,0.34375,5/6/2014,0.244142
5/7/2014,0.34375,5/7/2014,0.245176
5/8/2014,0.34375,5/8/2014,0.235968
5/9/2014,0.34375,5/9/2014,0.241835
5/12/2014,0.34375,5/12/2014,0.241449
5/13/2014,0.34375,5/13/2014,0.241906
5/14/2014,0.34375,5/14/2014,0.243187
5/15/2014,0.34375,5/15/2014,0.240762
5/16/2014,0.34375,5/16/2014,0.241038
5/19/2014,0.34375,5/19/2014,0.241474
5/20/2014,0.34375,5/20/2014,0.241955
5/21/2014,0.34375,5/21/2014,0.242011
5/22/2014,0.34375,5/22/2014,0.242342
5/23/2014,0.34375,5/23/2014,0.242498
5/27/2014,0.34375,5/27/2014,0.242716
5/28/2014,0.34375,5/28/2014,0.242082
5/29/2014,0.34375,5/29/2014,0.240209
5/30/2014,0.34375,5/30/2014,0.240741
6/2/2014,0.34375,6/2/2014,0.239514
6/3/2014,0.34375,6/3/2014,0.23981
6/4/2014,0.34375,6/4/2014,0.239212
6/5/2014,0.34375,6/5/2014,0.239399
6/6/2014,0.34375,6/6/2014,0.240226
6/9/2014,0.34375,6/9/2014,0.236786
6/10/2014,0.34375,6/10/2014,0.228998
6/11/2014,0.34375,6/11/2014,0.233896
6/12/2014,0.34375,6/12/2014,0.236482
6/13/2014,0.34375,6/13/2014,0.236422
6/16/2014,0.34375,6/16/2014,0.23947
6/17/2014,0.34375,6/17/2014,0.238392
6/18/2014,0.34375,6/18/2014,0.239956
6/19/2014,0.34375,6/19/2014,0.240286
6/20/2014,0.34375,6/20/2014,0.24038
6/23/2014,0.34375,6/23/2014,0.24039
6/24/2014,0.34375,6/24/2014,0.242018
6/25/2014,0.34375,6/25/2014,0.243816
6/26/2014,0.34375,6/26/2014,0.267101
6/27/2014,0.34375,6/27/2014,0.244928
6/30/2014,0.34375,6/30/2014,0.24502
7/1/2014,0.34375,7/1/2014,0.244168
7/2/2014,0.34375,7/2/2014,0.242553
7/3/2014,0.34375,7/3/2014,0.239381
7/7/2014,0.34375,7/7/2014,0.242874
7/8/2014,0.34375,7/8/2014,0.245209
7/9/2014,0.34375,7/9/2014,0.245851
7/10/2014,0.34375,7/10/2014,0.24114
7/11/2014,0.34375,7/11/2014,0.246581
7/14/2014,0.34375,7/14/2014,0.24626
7/15/2014,0.34375,7/15/2014,0.246304
7/16/2014,0.34375,7/16/2014,0.244836
7/17/2014,0.34375,7/17/2014,0.244742
7/18/2014,0.34375,7/18/2014,0.244105
7/21/2014,0.34375,7/21/2014,0.243995
7/22/2014,0.34375,7/22/2014,0.241173
7/23/2014,0.34375,7/23/2014,0.241256
7/24/2014,0.34375,7/24/2014,0.241354
7/25/2014,0.5625,7/25/2014,0.394465
7/28/2014,0.5625,7/28/2014,0.392145
7/29/2014,0.5625,7/29/2014,0.390564
7/30/2014,0.5625,7/30/2014,0.392635
7/31/2014,0.5625,7/31/2014,0.387841
8/1/2014,0.5625,8/1/2014,0.39093
8/4/2014,0.5625,8/4/2014,0.390554
8/5/2014,0.5625,8/5/2014,0.390147
8/6/2014,0.5625,8/6/2014,0.38996
8/7/2014,0.5625,8/7/2014,0.387484
8/8/2014,0.5625,8/8/2014,0.378452
8/11/2014,0.5625,8/11/2014,0.378577
8/12/2014,0.5625,8/12/2014,0.38286
8/13/2014,0.5625,8/13/2014,0.374049
8/14/2014,0.6875,8/14/2014,0.454807
8/15/2014,0.6875,8/15/2014,0.448282
8/18/2014,0.6875,8/18/2014,0.453586
8/19/2014,0.6875,8/19/2014,0.452541
8/20/2014,0.6875,8/20/2014,0.452312
8/21/2014,0.6875,8/21/2014,0.451715
8/22/2014,0.6875,8/22/2014,0.451831
8/25/2014,0.6875,8/25/2014,0.451905
8/26/2014,0.6875,8/26/2014,0.460692
8/27/2014,0.6875,8/27/2014,0.456944
8/28/2014,0.6875,8/28/2014,0.451804
8/29/2014,0.6875,8/29/2014,0.452891
9/2/2014,0.6875,9/2/2014,0.461392
9/3/2014,0.6875,9/3/2014,0.459012
9/4/2014,0.6875,9/4/2014,0.462803
9/5/2014,0.6875,9/5/2014,0.466711
9/8/2014,0.6875,9/8/2014,0.467083
9/9/2014,0.6875,9/9/2014,0.460533
9/10/2014,0.6875,9/10/2014,0.470606
9/11/2014,0.6875,9/11/2014,0.473601
9/12/2014,0.6875,9/12/2014,0.488581
9/15/2014,0.6875,9/15/2014,0.490496
9/16/2014,0.6875,9/16/2014,0.49056
9/17/2014,0.6875,9/17/2014,0.492085
9/18/2014,0.6875,9/18/2014,0.493183
9/19/2014,0.6875,9/19/2014,0.492079
9/22/2014,0.6875,9/22/2014,0.496414
9/23/2014,0.6875,9/23/2014,0.494106
9/24/2014,0.6875,9/24/2014,0.495283
9/25/2014,0.6875,9/25/2014,0.520625
9/26/2014,0.6875,9/26/2014,0.511633
9/29/2014,0.6875,9/29/2014,0.507616
9/30/2014,0.6875,9/30/2014,0.508696
10/1/2014,0.6875,10/1/2014,0.541717
10/2/2014,0.6875,10/2/2014,0.493857
10/3/2014,0.6875,10/3/2014,0.494717
10/6/2014,0.6875,10/6/2014,0.494487
10/7/2014,0.6875,10/7/2014,0.4837
10/8/2014,0.6875,10/8/2014,0.479949
10/9/2014,0.6875,10/9/2014,0.462035
10/10/2014,0.6875,10/10/2014,0.475191
10/14/2014,0.6875,10/14/2014,0.455063
10/15/2014,0.6875,10/15/2014,0.405684
10/16/2014,0.6875,10/16/2014,0.426607
10/17/2014,0.6875,10/17/2014,0.446462
10/20/2014,0.6875,10/20/2014,0.441443
10/21/2014,0.6875,10/21/2014,0.443503
10/22/2014,0.6875,10/22/2014,0.443905
10/23/2014,0.6875,10/23/2014,0.442934
10/24/2014,0.6875,10/24/2014,0.442985
10/27/2014,0.6875,10/27/2014,0.445019
10/28/2014,0.6875,10/28/2014,0.455975
10/29/2014,0.6875,10/29/2014,0.471109
10/30/2014,0.6875,10/30/2014,0.475108
10/31/2014,0.6875,10/31/2014,0.480004
11/3/2014,0.6875,11/3/2014,0.488489
11/4/2014,0.6875,11/4/2014,0.487148
11/5/2014,0.625,11/5/2014,0.485682
11/6/2014,0.625,11/6/2014,0.450041
11/7/2014,0.625,11/7/2014,0.437171
11/10/2014,0.625,11/10/2014,0.425728
11/12/2014,0.625,11/12/2014,0.429323
11/13/2014,0.625,11/13/2014,0.428734
11/14/2014,0.625,11/14/2014,0.425795
11/17/2014,0.625,11/17/2014,0.428769
11/18/2014,0.625,11/18/2014,0.425283
11/19/2014,0.625,11/19/2014,0.426917
11/20/2014,0.625,11/20/2014,0.424532
11/21/2014,0.625,11/21/2014,0.421507
11/24/2014,0.625,11/24/2014,0.420232333
11/25/2014,0.625,11/25/2014,0.413054
11/26/2014,0.625,11/26/2014,0.408419
11/28/2014,0.625,11/28/2014,0.399969
12/1/2014,0.6875,12/1/2014,0.444935
12/2/2014,0.6875,12/2/2014,0.451233
12/3/2014,0.6875,12/3/2014,0.457531
12/4/2014,0.6875,12/4/2014,0.450071
12/5/2014,0.6875,12/5/2014,0.453852
12/8/2014,0.4375,12/8/2014,0.282374
12/9/2014,0.46875,12/9/2014,0.281381
12/10/2014,0.5,12/10/2014,0.291162
12/11/2014,0.4375,12/11/2014,0.252069
12/12/2014,0.4375,12/12/2014,0.23453
12/15/2014,0.4375,12/15/2014,0.234987
12/16/2014,0.625,12/16/2014,0.317194
12/17/2014,0.625,12/17/2014,0.334922
12/18/2014,0.625,12/18/2014,0.347069
12/19/2014,0.625,12/19/2014,0.339035
12/22/2014,0.625,12/22/2014,0.334823
12/23/2014,0.625,12/23/2014,0.361101
12/24/2014,0.625,12/24/2014,0.362085
12/26/2014,0.625,12/26/2014,0.360269
12/29/2014,0.625,12/29/2014,0.354111
12/30/2014,0.625,12/30/2014,0.349813
12/31/2014,0.625,12/31/2014,0.346397
1/2/2015,0.625,1/2/2015,0.333615
1/5/2015,0.625,1/5/2015,0.303723
1/6/2015,0.625,1/6/2015,0.272966
1/7/2015,0.625,1/7/2015,0.27169
1/8/2015,0.625,1/8/2015,0.289917
1/9/2015,0.625,1/9/2015,0.283473
1/12/2015,0.6875,1/12/2015,0.245745
1/13/2015,0.6875,1/13/2015,0.239397
1/14/2015,0.6875,1/14/2015,0.225477
1/15/2015,0.8125,1/15/2015,0.250676
1/16/2015,0.8125,1/16/2015,0.269383
1/19/2015,0.8125,1/19/2015,0.26938
1/20/2015,0.8125,1/20/2015,0.269377
1/21/2015,0.8125,1/21/2015,0.28787
1/22/2015,0.8125,1/22/2015,0.298462
1/23/2015,0.8125,1/23/2015,0.282642
1/26/2015,0.8125,1/26/2015,0.290052
1/27/2015,0.8125,1/27/2015,0.290632
1/28/2015,0.8125,1/28/2015,0.263236
1/29/2015,0.8125,1/29/2015,0.269983
1/30/2015,1.0625,1/30/2015,0.32655
2/2/2015,1.0625,2/2/2015,0.360927
2/3/2015,1.0625,2/3/2015,0.393868
2/4/2015,1.0625,2/4/2015,0.406691
2/5/2015,1.0625,2/5/2015,0.402783
2/6/2015,1,2/6/2015,0.435081
2/9/2015,1,2/9/2015,0.440042
2/10/2015,0.8125,2/10/2015,0.356328
2/11/2015,0.8125,2/11/2015,0.35399
2/12/2015,1,2/12/2015,0.431054
2/13/2015,1,2/13/2015,0.446707
2/17/2015,0.8125,2/17/2015,0.408387
2/18/2015,0.8125,2/18/2015,0.385294
2/19/2015,0.8125,2/19/2015,0.392316
2/20/2015,0.8125,2/20/2015,0.396871
2/23/2015,0.8125,2/23/2015,0.376739
2/24/2015,0.8125,2/24/2015,0.358547
2/25/2015,0.8125,2/25/2015,0.349553
2/26/2015,0.8125,2/26/2015,0.359262
2/27/2015,0.75,2/27/2015,0.325953
3/2/2015,0.75,3/2/2015,0.323839
3/3/2015,0.75,3/3/2015,0.338262
3/4/2015,0.75,3/4/2015,0.341024
3/5/2015,0.75,3/5/2015,0.340393
3/6/2015,0.75,3/6/2015,0.381137
3/9/2015,0.75,3/9/2015,0.374836
3/10/2015,1,3/10/2015,0.463137
3/11/2015,1,3/11/2015,0.446427
3/12/2015,1,3/12/2015,0.440814
3/13/2015,1,3/13/2015,0.440362
3/16/2015,1,3/16/2015,0.435168
3/17/2015,1,3/17/2015,0.415235
3/18/2015,1,3/18/2015,0.378531
3/19/2015,1.1875,3/19/2015,0.444293
3/20/2015,1.1875,3/20/2015,0.430918
3/23/2015,1.1875,3/23/2015,0.420347
3/24/2015,1.1875,3/24/2015,0.40742
3/25/2015,1.1875,3/25/2015,0.421864
3/26/2015,1.125,3/26/2015,0.438207
3/27/2015,1.125,3/27/2015,0.416379
3/30/2015,1.125,3/30/2015,0.418619
3/31/2015,1.125,3/31/2015,0.41432
4/1/2015,1.25,4/1/2015,0.407858
4/2/2015,1.25,4/2/2015,0.425626
4/3/2015,1.25,4/3/2015,0.417785
4/6/2015,1.25,4/6/2015,0.431868
4/7/2015,1.25,4/7/2015,0.427835
4/8/2015,1.25,4/8/2015,0.425363
4/9/2015,1.25,4/9/2015,0.446652
4/10/2015,1.1875,4/10/2015,0.433103
4/13/2015,1.1875,4/13/2015,0.425168
4/14/2015,1.1875,4/14/2015,0.408285
4/15/2015,1.1875,4/15/2015,0.41185
4/16/2015,1.1875,4/16/2015,0.406804
4/17/2015,1.1875,4/17/2015,0.394014
4/20/2015,1.1875,4/20/2015,0.407374
4/21/2015,1.1875,4/21/2015,0.415644
4/22/2015,1.1875,4/22/2015,0.438343
4/23/2015,1.1875,4/23/2015,0.43826
4/24/2015,1.1875,4/24/2015,0.434198
4/27/2015,1.1875,4/27/2015,0.440706
4/28/2015,1.1875,4/28/2015,0.475089
4/29/2015,1.1875,4/29/2015,0.507837
4/30/2015,1,4/30/2015,0.434136
5/1/2015,1,5/1/2015,0.468394
5/4/2015,1,5/4/2015,0.485362
5/5/2015,1,5/5/2015,0.508571
5/6/2015,1,5/6/2015,0.532616
5/7/2015,1,5/7/2015,0.499698
5/8/2015,1,5/8/2015,0.489719
5/11/2015,1,5/11/2015,0.554104
5/12/2015,1,5/12/2015,0.553517
5/13/2015,1,5/13/2015,0.568042
5/14/2015,1,5/14/2015,0.547968
5/15/2015,1,5/15/2015,0.491536
5/18/2015,1,5/18/2015,0.52969
5/19/2015,1,5/19/2015,0.536021
5/20/2015,1,5/20/2015,0.536805
5/21/2015,1,5/21/2015,0.507903
5/22/2015,1,5/22/2015,0.533058
5/26/2015,1,5/26/2015,0.494326
5/27/2015,1,5/27/2015,0.485482
5/28/2015,1,5/28/2015,0.48884
5/29/2015,1,5/29/2015,0.472791
6/1/2015,1,6/1/2015,0.508422
6/2/2015,1,6/2/2015,0.546388
6/3/2015,1,6/3/2015,0.605528
6/4/2015,1,6/4/2015,0.58381
6/5/2015,1,6/5/2015,0.630692
6/8/2015,1,6/8/2015,0.622061
6/9/2015,1,6/9/2015,0.647266
6/10/2015,1,6/10/2015,0.672546
6/11/2015,1,6/11/2015,0.6283
6/12/2015,1,6/12/2015,0.632547
6/15/2015,1,6/15/2015,0.627444
6/16/2015,1,6/16/2015,0.597343
6/17/2015,1,6/17/2015,0.588945
6/18/2015,1,6/18/2015,0.607471
6/19/2015,1,6/19/2015,0.569967
6/22/2015,1,6/22/2015,0.614413
6/23/2015,1,6/23/2015,0.637869
6/24/2015,1,6/24/2015,0.626324
6/25/2015,1,6/25/2015,0.647434
6/26/2015,1,6/26/2015,0.697563
6/29/2015,1,6/29/2015,0.632051
6/30/2015,1,6/30/2015,0.630111
7/1/2015,1,7/1/2015,0.671653
7/2/2015,1,7/2/2015,0.674534
7/6/2015,1,7/6/2015,0.62143
7/7/2015,1,7/7/2015,0.592813
7/8/2015,1,7/8/2015,0.571401
7/9/2015,1,7/9/2015,0.609945
7/10/2015,1,7/10/2015,0.648101
7/13/2015,1,7/13/2015,0.652023
7/14/2015,1,7/14/2015,0.640919
7/15/2015,1,7/15/2015,0.625412
7/16/2015,1,7/16/2015,0.626769
7/17/2015,1,7/17/2015,0.622054
7/20/2015,1,7/20/2015,0.629259
7/21/2015,1,7/21/2015,0.617708
7/22/2015,1,7/22/2015,0.604983
7/23/2015,1,7/23/2015,0.581328
7/24/2015,1,7/24/2015,0.58067
7/27/2015,1,7/27/2015,0.566066
7/28/2015,1,7/28/2015,0.566602
7/29/2015,1,7/29/2015,0.578655
7/30/2015,1,7/30/2015,0.567264
7/31/2015,1,7/31/2015,0.536625
8/3/2015,1,8/3/2015,0.504386
8/4/2015,1,8/4/2015,0.527598
8/5/2015,1,8/5/2015,0.555087
8/6/2015,1,8/6/2015,0.540227
8/7/2015,1,8/7/2015,0.515876
8/10/2015,1,8/10/2015,0.539889
8/11/2015,1,8/11/2015,0.495869
8/12/2015,1,8/12/2015,0.489815
8/13/2015,1,8/13/2015,0.51319
8/14/2015,1,8/14/2015,0.526445
8/17/2015,1,8/17/2015,0.515519
8/18/2015,1,8/18/2015,0.535028
8/19/2015,1,8/19/2015,0.510436
8/20/2015,1,8/20/2015,0.483972
8/21/2015,1,8/21/2015,0.468696
8/24/2015,1,8/24/2015,0.437795
8/25/2015,1,8/25/2015,0.49245
8/26/2015,1,8/26/2015,0.506344
8/27/2015,1,8/27/2015,0.510754
8/28/2015,1,8/28/2015,0.512799
8/31/2015,1,8/31/2015,0.51748
9/1/2015,1,9/1/2015,0.509767
9/2/2015,1,9/2/2015,0.523744
9/3/2015,1,9/3/2015,0.519692
9/4/2015,1,9/4/2015,0.502732
9/8/2015,1,9/8/2015,0.525041
9/9/2015,1,9/9/2015,0.514188
9/10/2015,1,9/10/2015,0.524206
9/11/2015,1,9/11/2015,0.515856
9/14/2015,1,9/14/2015,0.519395
9/15/2015,1,9/15/2015,0.559042
9/16/2015,1,9/16/2015,0.567281
9/17/2015,1,9/17/2015,0.540821
9/18/2015,1,9/18/2015,0.505094
9/21/2015,1,9/21/2015,0.53544
9/22/2015,1,9/22/2015,0.500625
9/23/2015,1,9/23/2015,0.506621
9/24/2015,1,9/24/2015,0.493334
9/25/2015,1,9/25/2015,0.508775
9/28/2015,1,9/28/2015,0.479488
9/29/2015,1,9/29/2015,0.455828
9/30/2015,1,9/30/2015,0.451327
10/1/2015,1,10/1/2015,0.448498
10/2/2015,1,10/2/2015,0.434995
10/5/2015,1,10/5/2015,0.462468
10/6/2015,1,10/6/2015,0.456436
10/7/2015,1,10/7/2015,0.463313
10/8/2015,1,10/8/2015,0.489919
10/9/2015,1,10/9/2015,0.483471
10/13/2015,1,10/13/2015,0.468853
10/14/2015,1,10/14/2015,0.433377
10/15/2015,1,10/15/2015,0.445177
10/16/2015,1,10/16/2015,0.445878
10/19/2015,0.78125,10/19/2015,0.350164
10/20/2015,0.78125,10/20/2015,0.362868
10/21/2015,0.78125,10/21/2015,0.352234
10/22/2015,0.78125,10/22/2015,0.347347
10/23/2015,0.78125,10/23/2015,0.360238
10/26/2015,0.78125,10/26/2015,0.349872
10/27/2015,0.78125,10/27/2015,0.341067
10/28/2015,0.78125,10/28/2015,0.358875
10/29/2015,0.25,10/29/2015,0.123581
10/30/2015,0.25,10/30/2015,0.119517
11/2/2015,0.25,11/2/2015,0.122114
11/3/2015,0.25,11/3/2015,0.126265
11/4/2015,0.25,11/4/2015,0.126936
11/5/2015,0.25,11/5/2015,0.127877
11/6/2015,0.25,11/6/2015,0.139983
11/9/2015,0.25,11/9/2015,0.139754
11/10/2015,0.25,11/10/2015,0.138686
11/12/2015,0.25,11/12/2015,0.138619
11/13/2015,0.25,11/13/2015,0.133424
11/16/2015,0.25,11/16/2015,0.132516
11/17/2015,0.25,11/17/2015,0.129095
11/18/2015,0.25,11/18/2015,0.128252
11/19/2015,0.25,11/19/2015,0.123951
11/20/2015,0.25,11/20/2015,0.125334
11/23/2015,0.25,11/23/2015,0.124325
11/24/2015,0.25,11/24/2015,0.125129
11/25/2015,0.25,11/25/2015,0.123861
11/27/2015,0.25,11/27/2015,0.123471
11/30/2015,0.25,11/30/2015,0.121213
12/1/2015,0.25,12/1/2015,0.115439
12/2/2015,0.25,12/2/2015,0.118395
12/3/2015,0.25,12/3/2015,0.136061
12/4/2015,0.25,12/4/2015,0.131226
12/7/2015,0.25,12/7/2015,0.124944
12/8/2015,0.25,12/8/2015,0.125445
12/9/2015,0.25,12/9/2015,0.12474
12/10/2015,0.25,12/10/2015,0.129312
12/11/2015,0.25,12/11/2015,0.120877
12/14/2015,0.25,12/14/2015,0.126492
12/15/2015,0.25,12/15/2015,0.130004
12/16/2015,0.25,12/16/2015,0.133139
12/17/2015,0.25,12/17/2015,0.127648
12/18/2015,0.25,12/18/2015,0.125353
12/21/2015,0.25,12/21/2015,0.126624
12/22/2015,0.25,12/22/2015,0.131549
12/23/2015,0.25,12/23/2015,0.133785
12/24/2015,0.25,12/24/2015,0.131334
12/28/2015,0.25,12/28/2015,0.12857
12/29/2015,0.25,12/29/2015,0.135441
12/30/2015,0.25,12/30/2015,0.134521
12/31/2015,0.25,12/31/2015,0.129953
1/4/2016,0.25,1/4/2016,0.128318
1/5/2016,0.25,1/5/2016,0.128966
1/6/2016,0.25,1/6/2016,0.121031
1/7/2016,0.25,1/7/2016,0.119637
1/8/2016,0.25,1/8/2016,0.116134
1/11/2016,0.25,1/11/2016,0.117866
1/12/2016,0.25,1/12/2016,0.110933
1/13/2016,0.25,1/13/2016,0.106094
1/14/2016,0.25,1/14/2016,0.109176
1/15/2016,0.25,1/15/2016,0.102201
1/19/2016,0.25,1/19/2016,0.101624
1/20/2016,0.25,1/20/2016,0.096212
1/21/2016,0.25,1/21/2016,0.099799
1/22/2016,0.25,1/22/2016,0.10316
1/25/2016,0.25,1/25/2016,0.101437
1/26/2016,0.25,1/26/2016,0.098094
1/27/2016,0.25,1/27/2016,0.10095
1/28/2016,0.25,1/28/2016,0.098368
1/29/2016,0.25,1/29/2016,0.09322
2/1/2016,0.25,2/1/2016,0.098252
2/2/2016,0.25,2/2/2016,0.088107
2/3/2016,0.25,2/3/2016,0.088851
2/4/2016,0.25,2/4/2016,0.089957
2/5/2016,0.25,2/5/2016,0.089054
2/8/2016,0.25,2/8/2016,0.079758
2/9/2016,0.25,2/9/2016,0.075036
2/10/2016,0.25,2/10/2016,0.071957
2/11/2016,0.25,2/11/2016,0.063748
2/12/2016,0.25,2/12/2016,0.074796
2/16/2016,0.25,2/16/2016,0.078221
2/17/2016,0.25,2/17/2016,0.084529
2/18/2016,0.25,2/18/2016,0.07906
2/19/2016,0.25,2/19/2016,0.076396
2/22/2016,0.25,2/22/2016,0.076957
2/23/2016,0.25,2/23/2016,0.075641
2/24/2016,0.25,2/24/2016,0.073778
2/25/2016,0.25,2/25/2016,0.071301
2/26/2016,0.25,2/26/2016,0.076242
2/29/2016,0.25,2/29/2016,0.073371
3/1/2016,0.25,3/1/2016,0.080868
3/2/2016,0.25,3/2/2016,0.082998
3/3/2016,0.25,3/3/2016,0.081071
3/4/2016,0.25,3/4/2016,0.086609
3/7/2016,0.25,3/7/2016,0.088256
3/8/2016,0.25,3/8/2016,0.082054
3/9/2016,0.25,3/9/2016,0.088493
3/10/2016,0.25,3/10/2016,0.089541
3/11/2016,0.25,3/11/2016,0.093052
3/14/2016,0.25,3/14/2016,0.092204
3/15/2016,0.25,3/15/2016,0.09323
3/16/2016,0.25,3/16/2016,0.092585
3/17/2016,0.25,3/17/2016,0.087263
3/18/2016,0.25,3/18/2016,0.085021
3/21/2016,0.25,3/21/2016,0.090226
3/22/2016,0.25,3/22/2016,0.090993
3/23/2016,0.25,3/23/2016,0.086301
3/24/2016,0.25,3/24/2016,0.089043
3/28/2016,0.25,3/28/2016,0.086737
3/29/2016,0.25,3/29/2016,0.081158
3/30/2016,0.25,3/30/2016,0.083588
3/31/2016,0.25,3/31/2016,0.079928
4/1/2016,0.25,4/1/2016,0.077247
4/4/2016,0.25,4/4/2016,0.076553
4/5/2016,0.375,4/5/2016,0.107401
4/6/2016,0.375,4/6/2016,0.111668
4/7/2016,0.375,4/7/2016,0.104262
4/8/2016,0.375,4/8/2016,0.107106
4/11/2016,0.375,4/11/2016,0.104575
4/12/2016,0.375,4/12/2016,0.110741
4/13/2016,0.375,4/13/2016,0.108235
4/14/2016,0.375,4/14/2016,0.110812
4/15/2016,0.375,4/15/2016,0.10808
4/18/2016,0.375,4/18/2016,0.109886
4/19/2016,0.375,4/19/2016,0.111437
4/20/2016,0.625,4/20/2016,0.203217
4/21/2016,0.625,4/21/2016,0.207368
4/22/2016,0.625,4/22/2016,0.210777
4/25/2016,0.625,4/25/2016,0.213252
4/26/2016,0.625,4/26/2016,0.22049
4/27/2016,0.625,4/27/2016,0.207729
4/28/2016,0.625,4/28/2016,0.201395
4/29/2016,0.625,4/29/2016,0.197548
5/2/2016,0.5625,5/2/2016,0.188923
5/3/2016,0.5625,5/3/2016,0.175232
5/4/2016,0.5625,5/4/2016,0.173391
5/5/2016,0.5625,5/5/2016,0.164623
5/6/2016,0.5,5/6/2016,0.14848
5/9/2016,0.5,5/9/2016,0.145121
5/10/2016,0.5,5/10/2016,0.155311
5/11/2016,0.53125,5/11/2016,0.154165
5/12/2016,0.53125,5/12/2016,0.158116
5/13/2016,0.5625,5/13/2016,0.158329
5/16/2016,0.5,5/16/2016,0.147131
5/17/2016,0.53125,5/17/2016,0.157177
5/18/2016,0.5,5/18/2016,0.167036
5/19/2016,0.53125,5/19/2016,0.16746
5/20/2016,0.53125,5/20/2016,0.168535
5/23/2016,0.53125,5/23/2016,0.168053
5/24/2016,0.53125,5/24/2016,0.171375
5/25/2016,0.53125,5/25/2016,0.177506
5/26/2016,0.53125,5/26/2016,0.169116
5/27/2016,0.53125,5/27/2016,0.170188
5/31/2016,0.53125,5/31/2016,0.167663
6/1/2016,0.53125,6/1/2016,0.169678
6/2/2016,0.5,6/2/2016,0.156074
6/3/2016,0.5625,6/3/2016,0.159463
6/6/2016,0.5625,6/6/2016,0.164635
6/7/2016,0.5625,6/7/2016,0.16326
6/8/2016,0.5625,6/8/2016,0.16073
6/9/2016,0.5625,6/9/2016,0.160577
6/10/2016,0.6875,6/10/2016,0.189253
6/13/2016,0.6875,6/13/2016,0.185984
6/14/2016,0.6875,6/14/2016,0.184455
6/15/2016,0.6875,6/15/2016,0.18114
6/16/2016,0.75,6/16/2016,0.187819
6/17/2016,0.75,6/17/2016,0.202476
6/20/2016,0.75,6/20/2016,0.214924
6/21/2016,0.6875,6/21/2016,0.204989
6/22/2016,0.6875,6/22/2016,0.203617
6/23/2016,0.6875,6/23/2016,0.214694
6/24/2016,0.9375,6/24/2016,0.250778
6/27/2016,1.0625,6/27/2016,0.247825
6/28/2016,1.0625,6/28/2016,0.250359
6/29/2016,1.0625,6/29/2016,0.255277
6/30/2016,1.0625,6/30/2016,0.256333
7/1/2016,1.0625,7/1/2016,0.243965
7/5/2016,1,7/5/2016,0.204101
7/6/2016,1,7/6/2016,0.211479
7/7/2016,1,7/7/2016,0.213098
7/8/2016,0.9375,7/8/2016,0.193676
7/11/2016,0.9375,7/11/2016,0.204985
7/12/2016,0.90625,7/12/2016,0.215765
7/13/2016,0.90625,7/13/2016,0.203796
7/14/2016,0.875,7/14/2016,0.20873
7/15/2016,0.875,7/15/2016,0.221502
7/18/2016,0.875,7/18/2016,0.217959
7/19/2016,0.875,7/19/2016,0.211014
7/20/2016,0.875,7/20/2016,0.214473
7/21/2016,0.875,7/21/2016,0.217013
7/22/2016,0.875,7/22/2016,0.221462
7/25/2016,0.875,7/25/2016,0.222229
7/26/2016,0.875,7/26/2016,0.221614
7/27/2016,0.875,7/27/2016,0.207631
7/28/2016,0.9375,7/28/2016,0.216631
7/29/2016,0.96875,7/29/2016,0.211353
8/1/2016,0.96875,8/1/2016,0.223799
8/2/2016,0.9375,8/2/2016,0.22637
8/3/2016,0.9375,8/3/2016,0.226794
8/4/2016,0.9375,8/4/2016,0.213849
8/5/2016,0.875,8/5/2016,0.216573
8/8/2016,0.875,8/8/2016,0.215678
8/9/2016,0.9375,8/9/2016,0.217546
8/10/2016,0.9375,8/10/2016,0.208288
8/11/2016,0.9375,8/11/2016,0.223443
8/12/2016,0.9375,8/12/2016,0.211762
8/15/2016,0.90625,8/15/2016,0.214277
8/16/2016,0.875,8/16/2016,0.210756
8/17/2016,0.9375,8/17/2016,0.22136
8/18/2016,0.9375,8/18/2016,0.214525
8/19/2016,0.9375,8/19/2016,0.224185
8/22/2016,0.90625,8/22/2016,0.206011
8/23/2016,0.90625,8/23/2016,0.20595
8/24/2016,0.9375,8/24/2016,0.213511
8/25/2016,0.9375,8/25/2016,0.216848
8/26/2016,0.9375,8/26/2016,0.230861
8/29/2016,0.9375,8/29/2016,0.211217
8/30/2016,0.9375,8/30/2016,0.212683
8/31/2016,0.9375,8/31/2016,0.212759
9/1/2016,0.90625,9/1/2016,0.20953
9/2/2016,0.90625,9/2/2016,0.216962
9/6/2016,0.9375,9/6/2016,0.210357
9/7/2016,0.96875,9/7/2016,0.215474
9/8/2016,0.9375,9/8/2016,0.226619
9/9/2016,0.84375,9/9/2016,0.222012
9/12/2016,0.84375,9/12/2016,0.2247
9/13/2016,0.8125,9/13/2016,0.228964
9/14/2016,0.8125,9/14/2016,0.216635
9/15/2016,0.84375,9/15/2016,0.227512
9/16/2016,0.84375,9/16/2016,0.223456
9/19/2016,0.84375,9/19/2016,0.225762
9/20/2016,0.84375,9/20/2016,0.225764
9/21/2016,0.875,9/21/2016,0.227934
9/22/2016,0.9375,9/22/2016,0.229335
9/23/2016,0.9375,9/23/2016,0.225835
9/26/2016,0.9375,9/26/2016,0.216335
9/27/2016,0.9375,9/27/2016,0.209959
9/28/2016,0.9375,9/28/2016,0.213491
9/29/2016,0.9375,9/29/2016,0.212258
9/30/2016,0.9375,9/30/2016,0.222408
10/3/2016,0.9375,10/3/2016,0.226588
10/4/2016,0.9375,10/4/2016,0.244483
10/5/2016,0.9375,10/5/2016,0.251604
10/6/2016,0.9375,10/6/2016,0.257722
10/7/2016,0.9375,10/7/2016,0.255487
10/11/2016,0.9375,10/11/2016,0.268707
10/12/2016,0.9375,10/12/2016,0.278843
10/13/2016,0.875,10/13/2016,0.24889
10/14/2016,0.875,10/14/2016,0.267531
10/17/2016,0.875,10/17/2016,0.260059
10/18/2016,0.875,10/18/2016,0.253189
10/19/2016,0.90625,10/19/2016,0.261919
10/20/2016,0.90625,10/20/2016,0.260652
10/21/2016,0.875,10/21/2016,0.249318
10/24/2016,0.875,10/24/2016,0.255625
10/25/2016,0.875,10/25/2016,0.25435
10/26/2016,0.8125,10/26/2016,0.244545
10/27/2016,0.78125,10/27/2016,0.25045
10/28/2016,0.78125,10/28/2016,0.251582
10/31/2016,0.78125,10/31/2016,0.248435
11/1/2016,0.78125,11/1/2016,0.248599
11/2/2016,0.78125,11/2/2016,0.245145
11/3/2016,0.78125,11/3/2016,0.248556
11/4/2016,0.8125,11/4/2016,0.250705
11/7/2016,0.78125,11/7/2016,0.247177
11/8/2016,0.78125,11/8/2016,0.259967
11/9/2016,0.6875,11/9/2016,0.298492
11/10/2016,0.625,11/10/2016,0.279567
11/11/2016,0.625,11/11/2016,0.260642
11/14/2016,0.5,11/14/2016,0.249302
11/15/2016,0.5,11/15/2016,0.24872
11/16/2016,0.5,11/16/2016,0.235113
11/17/2016,0.46875,11/17/2016,0.230454
11/18/2016,0.4375,11/18/2016,0.229639
11/21/2016,0.4375,11/21/2016,0.225572
11/22/2016,0.4375,11/22/2016,0.224558
11/23/2016,0.40625,11/23/2016,0.216605
11/25/2016,0.375,11/25/2016,0.205032
11/28/2016,0.4375,11/28/2016,0.222399
11/29/2016,0.46875,11/29/2016,0.234875
11/30/2016,0.375,11/30/2016,0.197346
12/1/2016,0.40625,12/1/2016,0.224562
12/2/2016,0.4375,12/2/2016,0.234827
12/5/2016,0.4375,12/5/2016,0.232005
12/6/2016,0.375,12/6/2016,0.201706
12/7/2016,0.375,12/7/2016,0.191046
12/8/2016,0.3125,12/8/2016,0.166708
12/9/2016,0.3125,12/9/2016,0.179169
12/12/2016,0.3125,12/12/2016,0.180136
12/13/2016,0.3125,12/13/2016,0.180299
12/14/2016,0.25,12/14/2016,0.147762
12/15/2016,0.25,12/15/2016,0.156628
12/16/2016,0.1875,12/16/2016,0.121452
12/19/2016,0.21875,12/19/2016,0.134471
12/20/2016,0.21875,12/20/2016,0.136833
12/21/2016,0.25,12/21/2016,0.152707
12/22/2016,0.25,12/22/2016,0.154038
12/23/2016,0.25,12/23/2016,0.154052
12/27/2016,0.25,12/27/2016,0.156213
12/28/2016,0.28125,12/28/2016,0.167406
12/29/2016,0.3125,12/29/2016,0.180401
12/30/2016,0.34375,12/30/2016,0.18704
1/3/2017,0.34375,1/3/2017,0.18882
1/4/2017,0.34375,1/4/2017,0.19079
1/5/2017,0.375,1/5/2017,0.194126
1/6/2017,0.34375,1/6/2017,0.189728
1/9/2017,0.375,1/9/2017,0.201176
1/10/2017,0.375,1/10/2017,0.2012
1/11/2017,0.375,1/11/2017,0.197742
1/12/2017,0.375,1/12/2017,0.195821
1/13/2017,0.375,1/13/2017,0.197724
1/17/2017,0.40625,1/17/2017,0.204063
1/18/2017,0.375,1/18/2017,0.202519
1/19/2017,0.34375,1/19/2017,0.197783
1/20/2017,0.34375,1/20/2017,0.200369
1/23/2017,0.375,1/23/2017,0.20837
1/24/2017,0.34375,1/24/2017,0.202527
1/25/2017,0.3125,1/25/2017,0.192719
1/26/2017,0.3125,1/26/2017,0.192324
1/27/2017,0.3125,1/27/2017,0.188825
1/30/2017,0.3125,1/30/2017,0.188168
1/31/2017,0.3125,1/31/2017,0.184008
2/1/2017,0.3125,2/1/2017,0.188751
2/2/2017,0.375,2/2/2017,0.223106
2/3/2017,0.375,2/3/2017,0.229895
2/6/2017,0.4375,2/6/2017,0.253946
2/7/2017,0.4375,2/7/2017,0.246245
2/8/2017,0.4375,2/8/2017,0.233343
2/9/2017,0.4375,2/9/2017,0.239566
2/10/2017,0.4375,2/10/2017,0.241178
2/13/2017,0.4375,2/13/2017,0.245415
2/14/2017,0.4375,2/14/2017,0.251402
2/15/2017,0.40625,2/15/2017,0.241556
2/16/2017,0.4375,2/16/2017,0.250493
2/17/2017,0.4375,2/17/2017,0.247693
2/21/2017,0.4375,2/21/2017,0.251635
2/22/2017,0.4375,2/22/2017,0.250086
2/23/2017,0.4375,2/23/2017,0.243723
2/24/2017,0.46875,2/24/2017,0.245629
2/27/2017,0.4375,2/27/2017,0.239131
2/28/2017,0.4375,2/28/2017,0.236899
3/1/2017,0.40625,3/1/2017,0.238861
3/2/2017,0.4375,3/2/2017,0.262632
3/3/2017,0.4375,3/3/2017,0.26501
3/6/2017,0.5,3/6/2017,0.305034
3/7/2017,0.46875,3/7/2017,0.286865
3/8/2017,0.4375,3/8/2017,0.276954
3/9/2017,0.40625,3/9/2017,0.255832
3/10/2017,0.40625,3/10/2017,0.267795
3/13/2017,0.375,3/13/2017,0.251964
3/14/2017,0.375,3/14/2017,0.25158
3/15/2017,0.375,3/15/2017,0.236358
3/16/2017,0.40625,3/16/2017,0.264395
3/17/2017,0.40625,3/17/2017,0.264437
3/20/2017,0.40625,3/20/2017,0.262859
3/21/2017,0.4375,3/21/2017,0.272788
3/22/2017,0.4375,3/22/2017,0.261794
3/23/2017,0.4375,3/23/2017,0.267426
3/24/2017,0.4375,3/24/2017,0.265513
3/27/2017,0.46875,3/27/2017,0.274836
3/28/2017,0.4375,3/28/2017,0.265922
3/29/2017,0.4375,3/29/2017,0.261679
3/30/2017,0.4375,3/30/2017,0.27011
3/31/2017,0.4375,3/31/2017,0.267414
4/3/2017,0.5,4/3/2017,0.293731
4/4/2017,0.5,4/4/2017,0.29466
4/5/2017,0.5,4/5/2017,0.295737
4/6/2017,0.5,4/6/2017,0.291424
4/7/2017,0.5,4/7/2017,0.296651
4/10/2017,0.5,4/10/2017,0.280819
4/11/2017,0.5,4/11/2017,0.265303
4/12/2017,0.5,4/12/2017,0.283359
4/13/2017,0.53125,4/13/2017,0.28418
4/14/2017,0.53125,4/14/2017,0.285001
4/17/2017,0.53125,4/17/2017,0.28981
4/18/2017,0.5625,4/18/2017,0.284704
4/19/2017,0.5625,4/19/2017,0.290491
4/20/2017,0.5625,4/20/2017,0.301599
4/21/2017,0.5625,4/21/2017,0.301114
4/24/2017,0.5625,4/24/2017,0.315681
4/25/2017,0.5625,4/25/2017,0.335956
4/26/2017,0.5625,4/26/2017,0.335288
4/27/2017,0.5625,4/27/2017,0.332802
4/28/2017,0.5625,4/28/2017,0.332279
5/1/2017,0.53125,5/1/2017,0.324101
5/2/2017,0.53125,5/2/2017,0.316248
5/3/2017,0.53125,5/3/2017,0.320025
5/4/2017,0.53125,5/4/2017,0.33149
5/5/2017,0.53125,5/5/2017,0.327722
5/8/2017,0.5,5/8/2017,0.318241
5/9/2017,0.5,5/9/2017,0.322909
5/10/2017,0.5,5/10/2017,0.332712
5/11/2017,0.5,5/11/2017,0.335354
5/12/2017,0.53125,5/12/2017,0.336367
5/15/2017,0.53125,5/15/2017,0.335144
5/16/2017,0.53125,5/16/2017,0.329172
5/17/2017,0.5625,5/17/2017,0.302274
5/18/2017,0.5625,5/18/2017,0.312965
5/19/2017,0.5625,5/19/2017,0.319014
5/22/2017,0.5625,5/22/2017,0.322513
5/23/2017,0.5625,5/23/2017,0.33693
5/24/2017,0.5625,5/24/2017,0.33318
5/25/2017,0.5625,5/25/2017,0.331975
5/26/2017,0.5625,5/26/2017,0.335347
5/30/2017,0.5625,5/30/2017,0.324653
5/31/2017,0.5625,5/31/2017,0.315108
6/1/2017,0.5625,6/1/2017,0.322307
6/2/2017,0.5625,6/2/2017,0.307534
6/5/2017,0.5625,6/5/2017,0.314747
6/6/2017,0.5625,6/6/2017,0.305129
6/7/2017,0.5625,6/7/2017,0.311026
6/8/2017,0.5625,6/8/2017,0.316196
6/9/2017,0.5625,6/9/2017,0.3165
6/12/2017,0.5625,6/12/2017,0.346361
6/13/2017,0.5625,6/13/2017,0.34873
6/14/2017,0.59375,6/14/2017,0.346859
6/15/2017,0.59375,6/15/2017,0.358289
6/16/2017,0.59375,6/16/2017,0.354934
6/19/2017,0.5625,6/19/2017,0.346557
6/20/2017,0.5625,6/20/2017,0.330793
6/21/2017,0.5625,6/21/2017,0.329407
6/22/2017,0.5625,6/22/2017,0.32562
6/23/2017,0.5625,6/23/2017,0.326008
6/26/2017,0.5625,6/26/2017,0.321324
6/27/2017,0.5625,6/27/2017,0.338578
6/28/2017,0.5625,6/28/2017,0.346352
6/29/2017,0.5625,6/29/2017,0.361077
6/30/2017,0.5625,6/30/2017,0.371284
7/3/2017,0.53125,7/3/2017,0.36581
7/5/2017,0.53125,7/5/2017,0.36109
7/6/2017,0.53125,7/6/2017,0.373305
7/7/2017,0.5,7/7/2017,0.359144
7/10/2017,0.5,7/10/2017,0.359144
